0.6602197627126523,4.367933472218129,4.847761666625056,5.476726682851876,-11.498430568928484,7.812347078974113,10.643158949984068,5-point-star
0.6635477346837908,5.677892477589732,5.939464551581632,5.428504742294034,11.11790245870212,-8.351644612445893,11.916845659027828,5-point-star
0.6597875315433541,5.21007424265071,5.244414985520317,5.71892271956469,-11.39044702411426,8.591390326099608,11.31781204377978,5-point-star
0.6602259532927905,4.2184763007468,5.5495233467340945,4.998511398941657,-10.318987078669462,-7.120917345842742,-10.630189398297395,5-point-star
0.6604148108386453,4.065084209467034,6.376257691961657,5.013732402173489,-10.866153580092185,-7.110474121682068,10.852544506472709,5-point-star
0.6632350829166167,5.6321593263029195,5.963579918547209,7.960563867350188,14.928366330798054,-11.817635765010298,-15.714772972244587,5-point-star
0.6597816952427851,3.654066355258253,5.266308010870014,4.776340656980118,9.931904472934786,-6.609329801943882,9.965774940477397,5-point-star
0.6542237181442155,3.174129809909983,4.797215172754909,4.463972419173642,9.745129564819816,-6.0790114399956,-9.105701867957501,5-point-star
0.6600962967549222,4.297220811365376,4.814909309001523,5.857141081497623,-11.499073425320102,-8.676729707380973,11.254033969918112,5-point-star
0.6600726884185064,4.3196729002698095,6.848644500656855,5.08888985197395,-12.324230303781365,-7.249719925304843,-11.058294182802037,5-point-star
0.6600361861793296,4.142183890741696,5.290392598600811,4.854921359926428,-9.938444885871409,-6.927924600576577,10.583320338022535,5-point-star
0.654638420388876,2.937825695458424,4.536800761838311,4.693941757139409,-9.314542503141338,-6.174085016446428,10.121070146586115,5-point-star
0.7765469904797517,3.9029406521905363,4.96121882219411,6.932805725816661,12.997398610661872,-9.017470588810978,13.069171250417543,rectangle
0.775099409296898,3.4888657804404164,4.941981309193785,6.600347949890467,-12.372209956999509,-8.344809790348119,-13.618504346226214,rectangle
0.7764515811386518,3.822260867919184,6.1181536135483725,7.9574829985398665,-15.55613245896051,-9.967795402394627,15.012363809627665,rectangle
0.7747311092813376,3.4150481045736796,5.003126494395609,6.664502040048737,-12.521818508880836,-8.373416000435295,-12.992784315760453,rectangle
0.7747930629941646,3.5240402651845906,4.619224154736508,6.2953782184681195,-11.76073508208404,-8.075151546427483,12.472020926965133,rectangle
0.7763416082427509,3.8372996601254434,5.9795340907450285,7.5152152945787565,16.06570827335527,-9.545149872020799,14.262643761138294,rectangle
0.776274047895508,3.7906701004207966,6.277907744732072,8.01496573660846,-16.11969574001886,-10.027088787416146,15.164049833953957,rectangle
0.7762921519836564,3.804183048994716,5.739848486812993,7.340361594237071,-13.919392159554786,-9.258236054882683,-14.27289865551027,rectangle
0.77657836279099,3.955477032431063,5.205624213114158,7.104393258136272,13.260011150400297,-10.172261279154514,-14.535719167861853,rectangle
0.7765824789423852,3.8507145572563988,6.421246302746057,8.598653284844099,-16.550864119007628,10.666414385426107,16.138958337067148,rectangle
0.7763342398513086,3.822455796842358,5.890840990777898,7.611887867297297,14.383173310589383,-10.104619975639846,14.89185809570881,rectangle
0.7763864121442081,3.809897383735564,5.393365005815912,7.300231998287118,13.714778985429593,-9.706186200207577,-13.932952108353943,rectangle
0.7142980404606553,4.056963803783073,2.3336370002871014,5.588503717978727,-10.002072472031418,-8.048339270510057,-9.578434191467931,triangle
0.7164104033269879,4.360455796368354,2.3480675970046794,5.929568232679508,10.317101122973064,8.251292871892943,-10.15152729041821,triangle
0.7136339412776845,3.9481165130782387,2.329528723203689,5.4634689790859765,-9.531313758925451,-7.600911532151422,-9.491476454402209,triangle
0.7142817609861155,3.8698156731247346,2.3351520392486815,5.376115724068335,9.45178468231268,7.550187162974912,-9.329686506407185,triangle
0.709362630886387,3.0890298059530297,2.321984877525104,4.652675303958802,-8.141522744451548,-6.198700482315527,-9.218597936773106,triangle
0.7124205499101818,3.5684061257501707,2.325812594272167,5.05996352673887,-9.297520769080988,-7.343653092259565,-8.771290016377094,triangle
0.7156499700074561,4.150732069874955,2.34319842429978,5.6677487995044435,9.697854855745327,7.787009440370292,-10.15804562296402,triangle
0.7137555324898724,3.7500300547885375,2.332697959263767,5.278136191349672,-9.101355739320859,-7.167309521765838,9.63553068760543,triangle
0.7145489488752088,4.301066660324419,2.3342012809532786,5.824764803869245,9.909662296484235,7.984698377974182,-10.70854942201446,triangle
0.7124778409166446,3.427455157090522,2.3299581975967554,4.949707738655701,-9.134579785862252,-7.16801897014978,8.607946385485558,triangle
0.7137707491355045,3.8066954991665845,2.332044680813034,5.329710338391684,-9.208409638959603,-7.271895885659801,9.512624340429868,triangle
0.7109313356806635,3.2547088304189904,2.3247151703954216,4.800790566460506,-8.39327902998466,-6.455374981711482,-8.809980436324734,triangle
0.7606922497028429,3.045764754476171,3.0086413655284816,5.2078148390036985,-9.342358598345083,-6.789792089791477,-9.787337953696568,13.344457765448881,84.1744109635768,49.60460694955129,corazon
0.7697679153698598,2.8759532089589586,3.226088434265676,5.180051596156,-9.41123793487721,-6.657904984893271,-9.840925998165527,13.335897634475224,84.96642314410856,59.92413799037957,corazon
0.7980616912774179,4.987544857151348,6.25674942686717,10.0322640404548,18.233640191086998,12.679099083545726,-18.49552303506244,138.1651097082096,46.056679843451924,35.07934915858687,circulo
0.7971393579839703,3.9203639231974856,6.920807924556077,9.880136388303985,-18.525035441892758,-12.071641009253039,18.36577941788454,130.23764776462954,71.33304969054367,31.034435050902655,circulo
0.7974796107666856,4.095509886805724,7.512839532618372,10.606830660208862,20.021515549104564,13.203651248314726,19.713800022293142,137.566688958502,36.469881383971,43.78271092182605,circulo
0.797577121213516,4.161905670133022,7.553511509425403,10.582579134281644,19.66342243187178,12.69206876892358,20.271798533479938,133.59219988338697,36.03800721273242,45.08047019529085,circulo
0.7976957053808958,4.274789174169791,6.648396796705762,9.641041901012843,17.79435978851595,11.787899359725305,18.491211166709483,116.62978981106421,52.637005593230995,37.798575125833416,circulo
0.7981412036922148,6.018052926989726,6.153221414048687,11.499557249106987,-20.379886970266945,-14.569297277813071,20.654778887154436,154.01681702563727,36.73401101615825,40.7643969476824,circulo
0.7981414593953045,6.092394551840473,6.104755127411212,11.30602881686018,-21.16045296044642,-14.410718357208292,20.012516725640133,156.64246948322491,39.353190556245885,39.840782837511874,circulo
0.7980686716794765,5.53402098932874,5.709756031055829,10.610706459443366,18.82605646371884,13.921859296513146,19.09564188648875,153.84282094139212,39.413694937186605,38.861616433924624,circulo
0.7980622822320923,5.329749422488965,5.750870174324846,10.455636401859714,18.723429991803872,-13.51465832330937,-18.696230563980897,155.63674621951353,40.56276098167268,38.215588578406255,circulo
0.7902227591749352,4.4034874131163395,6.126987573240737,7.411487232370614,14.503119945561345,10.228087481766527,-14.2365151499644,89.66578424884183,47.32637050518421,54.71379329362453,pentagono
0.7902066896307136,4.361601422755856,6.203581879104742,7.380033978054958,14.529111505903751,10.36655015505645,-14.218393600616924,92.89198640434014,45.712371490200105,54.72804478350592,pentagono
0.7902512957713436,4.270751157229081,5.558015959635746,7.970820460807156,-14.871448686130316,-11.024240754555988,-14.901067895726003,51.639048103843216,59.19279714940188,46.5997760244337,pentagono
0.7902424701054713,4.284754320502942,5.536307739065302,7.966499657133328,-14.858542789400154,-11.195273529484677,-14.878764531963151,51.77018509254628,62.28623811905953,45.23388694347174,pentagono
0.7905637749380822,5.410530966361702,5.443469544494665,9.435754696837977,-16.903273131088135,12.297987448882182,-17.334696487080038,138.15096173847337,48.66726523265538,48.26803869877697,pentagono
0.7906116232821405,5.584081013583,5.435892713646695,9.324156574097062,-17.002187612709175,-12.777356311329841,16.767667882005362,136.09318368332126,44.12743905382573,45.269466570118276,pentagono
0.7911611404228185,5.162678266087556,6.410223066222286,7.774663203674184,14.869624729063938,-10.356250923006497,-15.836179943526082,11.200427483431584,72.40866317600967,51.351369411592394,pentagono
0.7910940950747705,4.6847959858992265,6.740096484763673,7.50917455998403,14.8889286028613,-9.852117425173915,-14.714027356689718,9.189301720669555,74.98429503073626,52.14372596536205,pentagono
0.7902513159981204,3.9393120839445763,6.917437483298365,7.06552038865205,-14.05805471123762,-9.035176933574638,15.214198172022979,13.643587768135323,66.3284055063742,51.054264242001366,pentagono
0.7908524670869048,4.236470543224064,6.381890416263092,7.171515322683269,14.611408294676634,-9.309237085367341,-13.958709340329797,25.659486024163645,49.85724111806691,57.35966844770525,pentagono
0.7912189098291782,4.758738147493333,6.2124120556354345,8.464286528967794,-16.661462520976524,12.016353308163959,-15.806836259313204,97.69835335458036,65.51042943531911,40.77109892130424,pentagono
0.7905537193329758,4.457878802901898,6.13354355879295,7.92880715968448,-14.9613880142918,-10.6381845025638,16.05514733595037,39.92204878643902,50.172216536420386,45.61692004256444,pentagono
0.7904949436985796,4.416610085195823,6.170690627787752,7.924931501684066,-14.979315562451246,-10.627713906770024,15.735516247161932,30.955424782649217,52.7520736529577,44.8860322997244,pentagono
0.7594667154258005,3.022936490068102,2.979545001387422,5.176739757753005,-9.258778682772492,-6.694693547416426,-10.129864781409411,147.5920504120213,58.45406366133462,27.215107448699303,corazon
0.7595141922696178,3.0131660270661142,2.9811942525379673,5.144544269340871,-9.314204385094023,-6.7327777937401825,9.412735199274492,152.0647230842683,62.87064335163523,29.634653258534257,corazon
0.7621029596970668,3.432833408726239,2.967867479212538,5.499158327839504,-9.827598427409995,-7.2675507147724865,9.958090323445866,144.42537100727765,66.6346552150037,30.282231554145213,corazon
0.7620776047465178,3.431595883095716,2.9667002487506293,5.493201341926803,-9.867927287120828,-7.296718928439687,9.879562833246906,132.9124179553352,69.86629005710105,31.15126699315194,corazon
0.7580553719748677,3.0048999439786734,2.955675130163397,5.134342278432456,-9.198760158463294,-6.656757481445918,9.713356902052567,78.60689520841449,84.89672769770159,24.885975847292556,corazon
