hu1,hu2,hu3,hu4,hu5,hu6,hu7,H_mean,S_mean,V_mean,label
0.7981349981621306,5.38509607513146,6.902535412320303,11.378197316485148,20.577684628602324,14.164814117534144,-20.82996034988503,20.810451051018763,86.83053599268857,34.65808289876888,circulo
0.7981616201432061,6.875187127233763,6.405936598964943,11.964198269917793,21.181128293192973,15.414141272890854,21.581738858469024,55.56658629696604,58.294986939923646,40.24721719911593,circulo
0.7981189330235021,5.290470495214022,6.480004373748234,10.763266403951237,19.83962917932939,13.637102362445411,-19.413446922235682,8.817028561998928,74.93569080982962,42.15474635239759,circulo
0.7967728034934127,3.7931905349797117,6.98160628058777,9.968398088898198,21.02656389918622,-12.939888751324295,18.44340175420982,11.079150759641605,71.65820802493182,41.371803661862096,circulo
0.7981040386825234,6.343097991914755,5.788467606756584,10.344659026991728,-18.463822794587127,13.70935557593108,-18.74487435283936,48.85468483816013,64.68632367972742,41.76299148211243,circulo
0.7980865329152085,5.51939484053664,5.7852691050459795,11.765723042597331,21.268548427224303,-14.594759621686183,20.548978586413355,39.2150726784557,58.20046576883907,44.74589247434354,circulo
0.7980888748513579,5.495658020090251,5.844198992521931,12.169759535219665,21.265491756745,-15.163989750415073,21.413891644976914,32.43929543931682,57.6525027443936,44.306374121437635,circulo
0.7981189305778502,5.511887743924744,5.972794611395555,10.493188803989598,-19.334260303451337,-13.731956835529552,-18.739799425436544,7.586028485896689,62.94936820495735,49.53612182203909,circulo
0.7608189523030284,3.0950543609258667,2.986467114796867,5.23646745343254,-9.349064701706586,-6.784920543968607,10.490344298159055,33.617872663108464,76.93916061481028,32.27242103421122,corazon
0.7603725041129835,3.0753201464933073,2.983309849528647,5.215200726711588,-9.314942946696869,-6.753234637186987,10.639342495081369,17.437653765376538,78.96218121812181,31.79884488448845,corazon
0.7588260150641704,3.0236542729541895,2.9688100607525225,5.1543411108409245,-9.26458339762336,-6.715085065088429,9.564556978649206,17.047287316188815,63.71286846169341,39.36859598469079,corazon
0.7601229188925774,3.0592355627349335,2.9790334798068936,5.2235584055773945,-9.33092346176161,-6.75586842378793,10.10469636564422,90.61977926507497,81.00656412896583,25.211194414054958,corazon
0.759625501132244,3.036720878511683,2.9739826500176867,5.21741443612364,-9.319413865755667,-6.738428963052053,10.084932131992042,23.000684577918435,101.38425021884049,31.46637712387494,corazon
0.7638953192536653,3.4389430311382156,2.989641806881918,5.58074808201971,10.391080810600055,7.768690075344202,-9.886200180693502,133.9442023334404,29.722479624447608,43.830129822468926,corazon
0.7611750217870605,3.1236410162294868,2.995749291528921,5.242960802311053,-9.362678010430503,-6.804980270742363,10.751423102554154,121.96991938772311,25.856670116997588,46.30242150497162,corazon
0.7722376800136376,2.9373314137012883,3.256978957578342,5.265310899762728,-9.526871804468621,-6.735323783615669,10.885506785382331,59.194244071915996,53.891537874302806,54.976782320132116,corazon
0.7718034474111821,2.9169542284722705,3.2578143399928843,5.239038427224367,-9.487727570553997,-6.697519501036952,-10.946193939230362,74.03843187660668,58.62635950168084,44.51571583943049,corazon
0.7718206603456815,2.8914415615982727,3.2837922145470344,5.255879061770413,-9.528129966674676,-6.702107161835304,10.503815820852255,73.76121096678757,60.45891000830817,44.30530507203794,corazon
0.7792009870438411,3.544551476875693,3.2975890687229357,5.747179833927195,-10.31429463979315,-7.519707914713393,-10.634621667188702,142.29858822456126,32.21670410874548,50.491578383186415,corazon
0.7736523801346097,2.9648935567294568,3.304592161975649,5.3259059686524175,-9.696467641736545,-6.898885939499919,-9.965189685362551,100.50394279203645,39.62663908211401,47.26011933317342,corazon
0.790820467514123,4.707281588875004,6.68950733203066,7.779314207014422,15.252559117119318,10.334875846239648,15.10163397853655,9.272399126093703,44.752199717845066,71.2499780116169,pentagono
0.7907974111894718,4.414691151344941,5.997903301942399,8.006641004265063,15.695136202320217,11.15705045131936,-15.018325252867404,60.00907769988013,49.31680409749719,53.88668676668241,pentagono
0.7903680060056513,4.106514715255956,5.3529843721143004,7.768247734429849,-14.426472012876472,-10.141525387052837,14.549476787587318,104.262598467681,35.38793568576669,52.45899428078126,pentagono
0.7913682623652414,5.025628473045248,5.966039824732702,8.60730749497278,-16.051764979094028,-11.120129530058732,16.037462783769705,22.005825869716695,45.252041943542764,68.91188457028262,pentagono
0.7907826549237841,4.801921189004455,5.6832876816660285,7.888470443627011,-14.944895722798721,10.43643391502393,14.748011512432376,139.9224674936596,36.38009240458805,54.20898301318642,pentagono
0.7888538544689234,3.6945847502233002,5.423579979366193,7.1326288563384965,-13.422951796818104,-9.735402808748804,-14.041681698847077,148.6637284097677,40.753702600754416,46.70133898043368,pentagono
0.7908930584398356,5.221817816007816,5.725979929822695,8.70952698564465,-16.158707181735142,-11.467681044897017,16.018982874872904,143.3337225841086,36.00076927759852,46.383780971724896,pentagono
0.7903657012038878,4.504643179497132,5.991064837006829,8.253522712341875,-15.377236091802219,-12.014943777831926,-16.468819333112176,144.25361345822145,34.04640728368376,42.75747254426759,pentagono
0.7775389170492012,3.4442223760379167,3.2574339776507366,5.530244992698975,-10.481222126992762,-7.613522855469585,-9.94145170564754,10.273398597086256,68.34030679102752,49.83662992368766,corazon
0.769195463189079,2.829904933232443,3.2512857799446815,5.132491570222686,-9.34964273687998,-6.571691021994131,-9.804028113989201,49.21011447215617,44.609771608693244,59.27123541447769,corazon
0.7710197999122271,2.915696288310726,3.2486424063099246,5.182700852273213,-9.471176242225765,-6.700145837393155,-9.67105851464004,31.72418418228871,49.792873824401944,57.56671716215364,corazon
0.7802314442802241,4.316880532761969,3.26423757075702,6.300335431344799,-11.122165878745397,-8.470081379188045,-11.471931091576955,7.5096361383925725,72.26351549828223,47.677748119388504,corazon
0.7745001674748296,3.074418345843871,3.266605303883624,5.349358390140471,-9.662490341384483,-6.888433219192908,-10.47237934834573,26.503871216765436,51.52284131417024,45.56105396998388,corazon
0.7716495042962194,2.906728273295073,3.2713189423137785,5.196905269214319,-9.47751043192603,-6.6887939950196404,-9.788532395317056,110.10311663894714,26.964625063272834,50.17891387663606,corazon
0.7576846054871741,2.9571323657871136,2.976049369201648,5.0283841766138035,-9.041011193249895,-6.5210315709925055,-9.695431985986904,72.14608526789655,33.438961956042014,56.57754435519463,corazon
0.758611753608666,2.9858987245675115,2.983454532013542,5.068013054832412,-9.112551937180028,-6.580996631933167,-9.634321003532104,120.25295734465243,35.02811217034305,49.60956092129984,corazon
0.7593039353278396,2.9968085643088647,2.9997637203769867,5.157171761100453,-9.31320262268183,-6.802284725398489,-9.49681743749288,40.37920945333736,28.654900332225914,65.10236710963456,corazon
0.759417047688351,3.025496882847087,2.992329118525999,5.067918494126098,-9.291412379698505,-6.737467597662902,-9.212781832920912,31.02825999192572,41.64618490109003,58.54624545821559,corazon
0.7632232980815197,3.3003162180843426,3.001561607056441,5.403153734350459,-9.609652320463828,-7.05533335600472,10.467407550909384,16.145041199245508,46.88871239948377,61.342632118865616,corazon
0.7878121785769399,2.9282517265533796,4.785470477671638,6.76495906633256,-12.611261170127701,-8.278049294414782,12.81722976111736,12.106497960456235,61.77468887214529,37.724440749304996,circulo
0.797943446033713,4.5855016653946175,6.553514137078283,10.084941300844505,18.541592129077067,12.510388902620617,18.56861615051448,59.52842653508772,70.12943165204679,38.78424707602339,circulo
0.7979700925308325,4.668499779593582,6.3910377373682605,9.899835140108502,-18.254862997001094,-12.36599196815195,18.14939308137178,50.051298062662944,57.39293129556489,44.395374432146376,circulo
0.7979746724850991,4.680312373619094,6.3854352273800705,9.91160282449814,-18.27893829201496,-12.38240320694696,18.15875633091779,45.4918782121165,58.722979286715464,44.31474069459586,circulo
0.7979974235777023,4.733018926408891,6.412568188364797,9.986499015875909,-18.431343698303788,-12.51577657365888,18.270780118436384,46.673164523563784,58.96032996282874,44.05230360925945,circulo
0.7981209038614778,5.2894650974065485,6.439341258064668,10.745488393975343,19.896066644286847,13.932745437032679,19.355185255384555,76.0551105027978,73.73568696912363,35.82258363189888,circulo
0.7975548079931445,4.149166223985729,6.704228184619542,9.929540389373605,18.803702996338387,12.62521266456158,18.26378019538414,107.35619679166959,48.988566805037635,39.990624780130865,circulo
0.798089780018251,5.776289490683202,5.607146273592672,10.181190773631164,18.279527065219217,13.717785989683577,18.182886354636228,56.26637400039156,86.5481318052439,40.387162843933076,circulo
0.7908962354621338,5.049721589113572,9.146729007641985,9.384631435155013,18.651189731877732,-12.17106076446613,-19.84736181772559,117.41432417249706,35.313674134924746,52.239127738584216,pentagono
0.790881444950011,5.005619838852762,8.565833516645315,9.318138080938226,18.617926442699197,-12.08485562548793,-18.306548340138463,122.49685316704198,34.44671314741036,51.63926901091287,pentagono
0.7904033892458286,4.164918637807019,6.388962195719118,7.805292683440789,-14.971509303263986,-10.085383989117975,-15.184721708882167,43.97675463222909,38.261998877035374,66.12074115665357,pentagono
0.7903743095778537,4.162485467985578,6.39094609300745,7.795435146477705,-14.990533214741928,-10.021489376636946,-15.101864608740238,57.58667931053718,37.65636191219948,66.47215931276845,pentagono
0.7875723414069122,3.4880031575593233,5.606352633187753,7.438339914613182,-14.415747238408807,-9.442146772214516,-13.989184483699672,43.910926327369204,49.90195317134198,54.30363132407977,pentagono
0.7878855749131345,3.539750949212455,5.589491424993767,7.480803222947019,-14.373810528092223,-9.576214404812685,-14.062361323034601,45.82100114586428,48.39443194839367,54.107276238170016,pentagono
0.7893409936890303,3.9185743563343163,6.203595016777578,8.376037393570511,-15.668658643576329,-10.671573755512751,16.611661865808614,12.09833433902975,42.11402320312411,76.70986986667882,pentagono
0.7910276828482856,5.156875177016691,6.6859591477875595,8.559589589827745,-16.631751380134794,11.588992295037734,16.21166991418444,142.51464136607754,23.525469323999886,67.18161657651405,pentagono
0.7910241936618776,5.198468299248148,6.699131013474508,8.694100500273011,16.580641293971432,-12.015937188167927,16.507886940764376,149.8459259690939,23.82957933894733,67.27736822168478,pentagono
0.7905264284924871,4.502415229359639,5.934500411632993,8.918112046108535,16.376995724903917,-11.189653167501309,-16.77242201040259,8.199613498761346,42.97850600824399,90.65725769147744,pentagono
0.7901747975380865,4.113853161535844,6.867944111897417,7.8605309840631,-15.75874223669177,-10.63751976152729,-15.244180720057239,20.23378430790993,34.90431429809952,70.13443681412699,pentagono
0.7899070931931461,3.9756807718877276,6.677154031197892,7.82312367343356,-15.643411326060098,-10.315781359491082,-15.089580744403579,17.35593875833201,37.14739404417954,69.00839456741816,pentagono
0.7900322122885611,4.394266993971897,5.3138447986969,8.33219689798216,15.250556751496344,-10.744914088570097,-15.379887774721597,7.134323312809369,35.66696848967765,69.19104189303393,pentagono
0.7907328154439799,4.389999837115923,5.397738998772338,7.918446319011075,-14.620942707756111,10.46616319469463,14.9430300742592,36.933879718342375,36.93691561814614,66.58363153641925,pentagono
0.7900448670344932,4.081428246883388,6.396865362641437,8.812930516940959,16.418154372595918,-10.944847382357972,-17.829815802096736,73.1026468364003,29.917922863624902,70.5249390807495,pentagono
0.7891323080102318,3.7026188775187476,6.426918808457542,8.365508619354063,15.96458643253937,-10.217246967845071,-15.87008890743774,56.748808553857835,37.59215152293046,59.45642153197094,pentagono
0.7916642033321023,5.75208704895489,5.906412594206566,8.002135444627578,-15.297879049354467,11.062331499864241,15.0069154227192,9.201392919326755,45.50409299988738,74.19380462747203,pentagono
0.7972877387450344,4.022102439678307,5.567816304581349,8.554508634398328,15.661133251906337,10.615916657572427,15.977557921425506,9.31505980759148,48.19599331813249,75.16427883384341,circulo
0.7969219475529287,3.8376510722779984,6.501404664298727,9.357899019882407,17.53932245481928,11.54624792552123,-17.369280675790698,9.815237389640057,51.31909612891276,72.80971784898438,circulo
0.7970171847875404,3.8916377482733653,5.682614375464318,8.528845531921368,15.788761472802113,10.652788563538774,15.781480523803312,8.36894889990454,43.70709742716828,75.39890968061003,circulo
